{"Performance/advantage":-1.3722575902938843,"Episodic/episodic_return":4171.911209,"_runtime":1331.170991628,"_timestamp":1.7718656970723062e+09,"_wandb":{"runtime":1331},"Loss/entropy_loss":3.6938023567199707,"Loss/v_loss":7.961788651300594e-05,"Loss/pg_loss":-4.066526798851555e-06,"Episodic/episodic_length":1000,"Performance/value":1.596268892288208,"_step":5017600,"Performance/return":1.598387598991394,"Loss/loss":-4.066526798851555e-06}