{"_timestamp":1.769000228068039e+09,"value":6.107041557155326,"return":6.112218276374377,"advantage":0.0001109688119891044,"_runtime":95.883996667,"episodic_return":94.13986206054688,"v_loss":0.002145274006077694,"_step":720430,"pg_loss":-0.013784786855641745,"_wandb":{"runtime":95},"episodic_length":68}