{"v_loss":0.0021872369776999617,"pg_loss":-0.01036381985849189,"episodic_length":68,"_wandb":{"runtime":136},"_step":1017950,"episodic_return":94.23120880126953,"value":6.084676927195905,"return":6.0784287374776245,"advantage":-0.00721874727161148,"_runtime":136.235517625,"_timestamp":1.769000421582041e+09}