{"advantage": -0.02042289875564644, "return": 70.24467391201425, "value": 70.29709291556986, "_timestamp": 1768736292.419484, "v_loss": 0.04060603295003692, "pg_loss": -0.008834053699161152, "_runtime": 110.65152978897095, "_step": 1013741, "_wandb": {"runtime": 109}}