{"advantage": -0.5656422755439469, "return": -7.752986030321062, "value": -8.036201339396221, "_timestamp": 1768647480.543367, "_runtime": 21.528087854385376, "_step": 94, "v_loss": 55.36280770938642, "pg_loss": -0.004513610686988527, "_wandb": {"runtime": 20}}