{"_runtime":15.730234138,"Loss/loss":9.39518201903411e-07,"Episodic/episodic_return":-27.905316,"Performance/return":-1.6183655261993408,"Performance/value":-1.672053575515747,"_step":112640,"Loss/entropy_loss":1.0735130310058594,"Performance/advantage":1.6606152057647705,"_timestamp":1.7721962572330277e+09,"Loss/pg_loss":9.39518201903411e-07,"Episodic/episodic_length":999,"_wandb":{"runtime":15},"Loss/v_loss":0.010298649780452251}