{"_wandb":{"runtime":620},"_runtime":620,"_timestamp":1.768298996861301e+09,"pg_loss":-0.009924059209391406,"v_loss":0.045366058270504515,"advantage":-0.854060755390721,"_step":14094,"return":46.12408937765729,"value":46.78128670088714}