{"_runtime":2465.349606994,"Loss/pg_loss":-6.243586767595843e-07,"Loss/v_loss":0.0004324150213506073,"Episodic/episodic_return":5543.695914,"Performance/advantage":-1.0420728921890259,"_wandb":{"runtime":2465},"Performance/value":1.4971102476119995,"Episodic/episodic_length":1000,"Loss/loss":-6.243586767595843e-07,"_timestamp":1.7718668310372e+09,"Loss/entropy_loss":21.32029914855957,"Performance/return":1.4900888204574585,"_step":5017600}