{"_runtime":39.872042002,"Performance/value":-1.350947618484497,"Loss/v_loss":0.00618187477812171,"Episodic/episodic_return":-33.681546,"_step":92160,"Loss/loss":5.738809818467416e-07,"Episodic/episodic_length":999,"_timestamp":1.7737683276182568e+09,"Performance/advantage":1.3478981256484985,"Loss/entropy_loss":1.223173975944519,"Performance/return":-1.3011817932128906,"_wandb":{"runtime":39},"Loss/pg_loss":5.738809818467416e-07}