{"advantage": -0.001054969763918402, "return": 5.992614497514137, "value": 5.9910383415961395, "_timestamp": 1768743463.578311, "v_loss": 0.0022865010035275427, "pg_loss": -0.013439607849320837, "_runtime": 112.76111102104187, "_step": 1019318, "_wandb": {"runtime": 112}}