{"advantage": 0.7801674536805911, "return": 12.535992250444513, "value": 1.293752248431204, "_timestamp": 1768680727.887282, "_runtime": 17.573972940444946, "_step": 216, "v_loss": 36.75349089693883, "pg_loss": -1.486879907423699e-17, "_wandb": {"runtime": 16}}