{"Loss/pg_loss":-0.00024377406225539744,"Performance/return":0.43038758635520935,"_runtime":394.02026925,"Episodic/episodic_return":-0.001881,"Episodic/episodic_length":999,"Performance/value":0.4303886294364929,"Loss/entropy_loss":-4.084945201873779,"_timestamp":1.771862607417135e+09,"Loss/v_loss":1.7078723851815525e-11,"Loss/loss":-0.00024377406225539744,"_step":10260480,"Performance/advantage":0.43142789602279663,"_wandb":{"runtime":394}}