{"advantage": 0.037552441837868544, "return": 46.925893861792275, "value": 47.18245118639295, "_timestamp": 1768687078.10769, "_runtime": 193.7185091972351, "_step": 15794, "v_loss": 0.04856978414156988, "pg_loss": -0.011450491462397485, "_wandb": {"runtime": 124}}