{"Episodic/episodic_length":999,"_timestamp":1.773768484609192e+09,"Performance/advantage":1.2953710556030273,"Loss/loss":-1.7322600243119268e-08,"_step":51200,"Loss/v_loss":0.09822672605514526,"Loss/entropy_loss":1.2957603931427002,"Loss/pg_loss":-1.7322600243119268e-08,"Episodic/episodic_return":-35.062369,"Performance/value":-1.4073041677474976,"_wandb":{"runtime":21},"_runtime":21.952306787,"Performance/return":-1.4340871572494507}