{"advantage": -0.0051046833912424625, "return": 70.59490837011235, "value": 70.60356629157032, "_timestamp": 1768687975.703797, "_runtime": 118.00831818580627, "_step": 15794, "v_loss": 0.04856978414156988, "pg_loss": -0.011450491462397485, "_wandb": {"runtime": 117}}