{"Loss/loss":-0.00023216009140014648,"Performance/return":0.6612721085548401,"_wandb":{"runtime":1067},"Episodic/episodic_length":999,"Loss/pg_loss":-0.00023216009140014648,"Loss/v_loss":4.778642814784462e-09,"Episodic/episodic_return":-0.016292,"Performance/value":0.661224365234375,"_timestamp":1.7718654334227738e+09,"Performance/advantage":0.6635843515396118,"_step":5017600,"Loss/entropy_loss":-3.6787662506103516,"_runtime":1067.38950314}