{"Performance/return":0.437443345785141,"Loss/entropy_loss":-3.779167652130127,"_wandb":{"runtime":398},"Performance/advantage":0.4392574727535248,"Loss/pg_loss":-0.00014969558105804026,"_timestamp":1.771863285872139e+09,"Episodic/episodic_return":-0.014706,"Episodic/episodic_length":999,"_runtime":398.051165459,"_step":10260480,"Performance/value":0.43752002716064453,"Loss/v_loss":2.818111077829144e-08,"Loss/loss":-0.00014969558105804026}