{"Performance/return":2.093172788619995,"Performance/value":2.0862503051757812,"Loss/v_loss":0.0063355849124491215,"Episodic/episodic_return":880.769734,"Performance/advantage":-0.15980462729930878,"Episodic/episodic_length":954,"_timestamp":1.7718664290500975e+09,"_step":5017600,"Loss/pg_loss":4.470348535789981e-09,"_wandb":{"runtime":2063},"_runtime":2063.258114212,"Loss/loss":4.470348535789981e-09,"Loss/entropy_loss":6.715959072113037}