{"episodic_return": -1655.07421875, "episodic_length": 200, "_timestamp": 1768833004.048943, "_runtime": 190.5008909702301, "_step": 1073600, "advantage": -0.0320346070881354, "return": -2.2881227528604113, "value": -2.2984158632232337, "v_loss": 0.4045695874159023, "pg_loss": -0.012112095234031268, "_wandb": {"runtime": 189}}