{"advantage": 0.1620384149997725, "return": 46.802718697370295, "value": 46.63962055435803, "_timestamp": 1768595033.3707259, "_runtime": 2298.1171379089355, "_step": 21429, "v_loss": 0.04803127998445418, "pg_loss": -0.004041278603683454, "_wandb": {"runtime": 2297}}