{"advantage": -6.421511707483863, "return": 12.931778853159352, "value": 31.235884407597833, "_timestamp": 1768685422.8754802, "_runtime": 18.48947310447693, "_step": 435, "v_loss": 44.592417268510125, "pg_loss": 1.70153171789291e-17, "_wandb": {"runtime": 17}}