{"advantage": 0.10619551546699676, "return": -6.298171881607826, "value": -6.846029467268599, "_timestamp": 1768688892.8769422, "_runtime": 7.148097276687622, "_step": 95, "v_loss": 1.9089275923467113, "pg_loss": -0.015600786201452405, "_wandb": {"runtime": 6}}