{"advantage": 0.3378819076217732, "return": 51.36410692138329, "value": 51.09621151996698, "_timestamp": 1768688505.699563, "_runtime": 17.051219940185547, "_step": 540, "v_loss": 5.935687798705857, "pg_loss": -0.014225946906256384, "_wandb": {"runtime": 16}}