{"Episodic/episodic_length":1000,"Loss/pg_loss":-4.149600954406196e-06,"Performance/return":1.022059679031372,"Loss/entropy_loss":2.5983667373657227,"Loss/v_loss":0.0001847264647949487,"_step":5017600,"_wandb":{"runtime":1553},"Loss/loss":-4.149600954406196e-06,"_runtime":1553.315060535,"Performance/advantage":-2.0421245098114014,"_timestamp":1.7718659193190088e+09,"Performance/value":1.0263309478759766,"Episodic/episodic_return":3318.297322}