{"_wandb":{"runtime":1039},"_runtime":1039,"return":66.77088142551911,"value":66.61239656067264,"advantage":0.187949699959939,"pg_loss":7.120587317696744e-18,"_step":22275,"v_loss":0.013635481136006955,"_timestamp":1.7682599115295238e+09}