{"Loss/pg_loss":0.00019342824816703796,"Episodic/episodic_length":73,"_wandb":{"runtime":204},"Performance/return":0.23353882133960724,"_timestamp":1.771863810510011e+09,"Loss/loss":0.00019342824816703796,"Loss/v_loss":2.9202037694631144e-05,"_runtime":204.879175584,"Performance/value":0.2455996572971344,"_step":5017600,"Episodic/episodic_return":95.55912,"Loss/entropy_loss":-0.8495990037918091,"Performance/advantage":-4.854752063751221}